{
  "MATH500": {
    "correct": 199,
    "total": 500,
    "accuracy": 0.398
  },
  "AMC23": {
    "correct": 11,
    "total": 40,
    "accuracy": 0.275
  },
  "OlympiadBench": {
    "correct": 87,
    "total": 675,
    "accuracy": 0.1288888888888889
  },
  "Minerva": {
    "correct": 25,
    "total": 272,
    "accuracy": 0.09191176470588236
  }
}
