{
  "MATH500": {
    "correct": 191,
    "total": 500,
    "accuracy": 0.382
  },
  "AMC23": {
    "correct": 14,
    "total": 40,
    "accuracy": 0.35
  },
  "OlympiadBench": {
    "correct": 70,
    "total": 675,
    "accuracy": 0.1037037037037037
  },
  "Minerva": {
    "correct": 37,
    "total": 272,
    "accuracy": 0.13602941176470587
  }
}