{
  "MATH500": {
    "correct": 184,
    "total": 500,
    "accuracy": 0.368
  },
  "AMC23": {
    "correct": 5,
    "total": 40,
    "accuracy": 0.125
  },
  "OlympiadBench": {
    "correct": 79,
    "total": 675,
    "accuracy": 0.11703703703703704
  },
  "Minerva": {
    "correct": 27,
    "total": 272,
    "accuracy": 0.09926470588235294
  }
}