{
  "MATH500": {
    "correct": 205,
    "total": 500,
    "accuracy": 0.41
  },
  "AMC23": {
    "correct": 6,
    "total": 40,
    "accuracy": 0.15
  },
  "OlympiadBench": {
    "correct": 87,
    "total": 675,
    "accuracy": 0.1288888888888889
  },
  "Minerva": {
    "correct": 26,
    "total": 272,
    "accuracy": 0.09558823529411764
  }
}