{
  "MATH500": {
    "correct": 177,
    "total": 500,
    "accuracy": 0.354
  },
  "AMC23": {
    "correct": 8,
    "total": 40,
    "accuracy": 0.2
  },
  "OlympiadBench": {
    "correct": 74,
    "total": 675,
    "accuracy": 0.10962962962962963
  },
  "Minerva": {
    "correct": 22,
    "total": 272,
    "accuracy": 0.08088235294117647
  }
}