{
  "MATH500": {
    "correct": 147,
    "total": 500,
    "accuracy": 0.294
  },
  "AMC23": {
    "correct": 6,
    "total": 40,
    "accuracy": 0.15
  },
  "OlympiadBench": {
    "correct": 80,
    "total": 675,
    "accuracy": 0.11851851851851852
  },
  "Minerva": {
    "correct": 21,
    "total": 272,
    "accuracy": 0.07720588235294118
  }
}