{
  "MATH500": {
    "correct": 200,
    "total": 500,
    "accuracy": 0.4
  },
  "AMC23": {
    "correct": 10,
    "total": 40,
    "accuracy": 0.25
  },
  "OlympiadBench": {
    "correct": 82,
    "total": 675,
    "accuracy": 0.12148148148148148
  },
  "Minerva": {
    "correct": 23,
    "total": 272,
    "accuracy": 0.08455882352941177
  }
}