{
  "MATH500": {
    "correct": 178,
    "total": 500,
    "accuracy": 0.356
  },
  "AMC23": {
    "correct": 9,
    "total": 40,
    "accuracy": 0.225
  },
  "OlympiadBench": {
    "correct": 78,
    "total": 675,
    "accuracy": 0.11555555555555555
  },
  "Minerva": {
    "correct": 25,
    "total": 272,
    "accuracy": 0.09191176470588236
  }
}