{
  "MATH500": {
    "correct": 157,
    "total": 500,
    "accuracy": 0.314
  },
  "AMC23": {
    "correct": 7,
    "total": 40,
    "accuracy": 0.175
  },
  "OlympiadBench": {
    "correct": 68,
    "total": 675,
    "accuracy": 0.10074074074074074
  },
  "Minerva": {
    "correct": 24,
    "total": 272,
    "accuracy": 0.08823529411764706
  }
}