{
  "MATH500": {
    "correct": 189,
    "total": 500,
    "accuracy": 0.378
  },
  "AMC23": {
    "correct": 7,
    "total": 40,
    "accuracy": 0.175
  },
  "OlympiadBench": {
    "correct": 65,
    "total": 675,
    "accuracy": 0.0962962962962963
  },
  "Minerva": {
    "correct": 39,
    "total": 272,
    "accuracy": 0.14338235294117646
  }
}