{
  "MATH500": {
    "correct": 185,
    "total": 500,
    "accuracy": 0.37
  },
  "AMC23": {
    "correct": 5,
    "total": 40,
    "accuracy": 0.125
  },
  "OlympiadBench": {
    "correct": 92,
    "total": 675,
    "accuracy": 0.1362962962962963
  },
  "Minerva": {
    "correct": 23,
    "total": 272,
    "accuracy": 0.08455882352941177
  }
}