{
  "MATH500": {
    "correct": 179,
    "total": 500,
    "accuracy": 0.358
  },
  "AMC23": {
    "correct": 12,
    "total": 40,
    "accuracy": 0.3
  },
  "OlympiadBench": {
    "correct": 63,
    "total": 675,
    "accuracy": 0.09333333333333334
  },
  "Minerva": {
    "correct": 39,
    "total": 272,
    "accuracy": 0.14338235294117646
  }
}