{
  "MATH500": {
    "correct": 199,
    "total": 500,
    "accuracy": 0.398
  },
  "AMC23": {
    "correct": 12,
    "total": 40,
    "accuracy": 0.3
  },
  "OlympiadBench": {
    "correct": 84,
    "total": 675,
    "accuracy": 0.12444444444444444
  },
  "Minerva": {
    "correct": 26,
    "total": 272,
    "accuracy": 0.09558823529411764
  }
}