{
  "MATH500": {
    "correct": 178,
    "total": 500,
    "accuracy": 0.356
  },
  "AMC23": {
    "correct": 12,
    "total": 40,
    "accuracy": 0.3
  },
  "OlympiadBench": {
    "correct": 71,
    "total": 675,
    "accuracy": 0.10518518518518519
  },
  "Minerva": {
    "correct": 30,
    "total": 272,
    "accuracy": 0.11029411764705882
  }
}