{
  "MATH500": {
    "correct": 163,
    "total": 500,
    "accuracy": 0.326
  },
  "AMC23": {
    "correct": 8,
    "total": 40,
    "accuracy": 0.2
  },
  "OlympiadBench": {
    "correct": 77,
    "total": 675,
    "accuracy": 0.11407407407407408
  },
  "Minerva": {
    "correct": 24,
    "total": 272,
    "accuracy": 0.08823529411764706
  }
}