{
  "MATH500": {
    "correct": 180,
    "total": 500,
    "accuracy": 0.36
  },
  "AMC23": {
    "correct": 12,
    "total": 40,
    "accuracy": 0.3
  },
  "OlympiadBench": {
    "correct": 64,
    "total": 675,
    "accuracy": 0.09481481481481481
  },
  "Minerva": {
    "correct": 33,
    "total": 272,
    "accuracy": 0.1213235294117647
  }
}