{
  "MATH500": {
    "correct": 176,
    "total": 500,
    "accuracy": 0.352
  },
  "AMC23": {
    "correct": 6,
    "total": 40,
    "accuracy": 0.15
  },
  "OlympiadBench": {
    "correct": 69,
    "total": 675,
    "accuracy": 0.10222222222222223
  },
  "Minerva": {
    "correct": 40,
    "total": 272,
    "accuracy": 0.14705882352941177
  }
}