{
  "MATH500": {
    "correct": 182,
    "total": 500,
    "accuracy": 0.364
  },
  "AMC23": {
    "correct": 8,
    "total": 40,
    "accuracy": 0.2
  },
  "OlympiadBench": {
    "correct": 60,
    "total": 675,
    "accuracy": 0.08888888888888889
  },
  "Minerva": {
    "correct": 35,
    "total": 272,
    "accuracy": 0.12867647058823528
  }
}