{
  "MATH500": {
    "correct": 185,
    "total": 500,
    "accuracy": 0.37
  },
  "AMC23": {
    "correct": 11,
    "total": 40,
    "accuracy": 0.275
  },
  "OlympiadBench": {
    "correct": 66,
    "total": 675,
    "accuracy": 0.09777777777777778
  },
  "Minerva": {
    "correct": 39,
    "total": 272,
    "accuracy": 0.14338235294117646
  }
}